{
  "project_info": {
    "project_number": "421937711926",
    "project_id": "aanko-technologies",
    "storage_bucket": "aanko-technologies.appspot.com"
  },
  "client": [
    {
      "client_info": {
        "mobilesdk_app_id": "1:421937711926:android:c1483e9cfc9b3f49f04197",
        "android_client_info": {
          "package_name": "health.ai"
        }
      },
      "oauth_client": [
        {
          "client_id": "421937711926-61vbljj35vs2qfipqf8jlcticn6qm0qr.apps.googleusercontent.com",
          "client_type": 3
        }
      ],
      "api_key": [
        {
          "current_key": "AIzaSyCEc7Nkw6yzLvAhIjdrIHZi9k7Q3NP43Ew"
        }
      ],
      "services": {
        "appinvite_service": {
          "other_platform_oauth_client": [
            {
              "client_id": "421937711926-61vbljj35vs2qfipqf8jlcticn6qm0qr.apps.googleusercontent.com",
              "client_type": 3
            },
            {
              "client_id": "421937711926-j5noca245lea4lej45tlfnn9m69ji2eu.apps.googleusercontent.com",
              "client_type": 2,
              "ios_info": {
                "bundle_id": "health.ai"
              }
            }
          ]
        }
      }
    }
  ],
  "configuration_version": "1"
}